Name,Anion,Cation,Electrolytes,,,,,,,,,,,,,,,,,,,,,,,,
25_1,cl,li,CC(=O)OCC(C)C,CCC1(C)OC(=O)OC1C,CC1OC(=O)OC1(C)C,COC(=O)OC,CCOC(=O)OCC,C1=CC(=CC(=C1)F)C#N,CCOC(C)=O,CCC1OC(=O)OC1(C)C,CCOC(=O)OC,FC1COC(=O)O1,CC(=O)OC(C)C,CCC1OC(=O)OC1CC,CCCOC(=O)OCC,CCCOC(=O)OCCC,CCC1OC(=O)OC1C,CCC(=O)OC(C)C,O=C1OCCO1,CCC(C)COC(C)=O,CCCC1COC(=O)O1,C1=CC=C(C(=C1)C#N)F,Cc1oc(=O)oc1C(C)C,Cc1oc(=O)oc1C,CC(C)OC(=O)C(C)C,CCOC(=O)OC(C)C,CCCOC(=O)OC(C)C
25_2,cl,li,CCCOC(=O)OCCC,C1=CC(=CC(=C1)F)C#N,CCC1OC(=O)OC1C,CCC1OC(=O)OC1CC,CC(C)OC(=O)C(C)C,CCC1(C)OC(=O)OC1C,Cc1oc(=O)oc1C,Cc1oc(=O)oc1C(C)C,CCOC(=O)OCC,CCOC(C)=O,CCC1OC(=O)OC1(C)C,C1CC(=O)OC1,CC1OC(=O)OC1(C)C,CCCOC(=O)OCC,CC(C)OC(=O)OC(C)C,O=C1OCCO1,CCCC1COC(=O)O1,CCOC(=O)OC(C)C,COC(=O)OC,CCOC(=O)OC,C1=CC(=CC=C1C#N)F,C1=CC=C(C(=C1)C#N)F,CCCC1OC(=O)OC1C,CC(=O)OC(C)C,FC1COC(=O)O1
25_3,cl,li,CC1OC(=O)OC1(C)C,CCC1OC(=O)OC1C,C1=CC=C(C(=C1)C#N)F,Cc1oc(=O)oc1C,C1=CC(=CC=C1C#N)F,CCCC1OC(=O)OC1C,CCCC1COC(=O)O1,CC(C)OC(=O)C(C)C,CCC1(C)OC(=O)OC1C,CCOC(=O)OC,COC(=O)OC,FC1COC(=O)O1,C1CC(=O)OC1,CCCOC(=O)OCC,CCOC(C)=O,CCOC(=O)OC(C)C,CCCOC(=O)OC(C)C,CCC1OC(=O)OC1CC,CCCOC(=O)OCCC,CC(C)OC(=O)OC(C)C,C1=CC(=CC(=C1)F)C#N,CCOC(=O)OCC,CCC(C)COC(C)=O,O=C1OCCO1,CC(=O)OC(C)C
25_4,cl,li,CCOC(=O)OC,C1=CC(=CC(=C1)F)C#N,CC(C)OC(=O)C(C)C,CCCOC(=O)CC,CCOC(=O)OCC,FC1COC(=O)O1,Cc1oc(=O)oc1C,CCCC1OC(=O)OC1C,CCC1(C)OC(=O)OC1C,CC1OC(=O)OC1(C)C,C1=CC=C(C(=C1)C#N)F,CC(=O)OC(C)C,CCOC(C)=O,COC(=O)OC,CCCOC(=O)OC(C)C,CCCOC(=O)OCCC,CCC1OC(=O)OC1C,Cc1oc(=O)oc1C(C)C,CC(C)OC(=O)OC(C)C,C1CC(=O)OC1,CCCC1COC(=O)O1,CCCOC(=O)OCC,CCC(=O)OC(C)C,CCC1OC(=O)OC1CC,CCC1OC(=O)OC1(C)C
25_5,cl,li,CCC(C)COC(C)=O,Cc1oc(=O)oc1C,CCCOC(=O)OC(C)C,CCCOC(=O)OCCC,CCOC(=O)OC(C)C,FC1COC(=O)O1,CCC1OC(=O)OC1C,C1CC(=O)OC1,CCOC(C)=O,COC(=O)OC,O=C1OCCO1,CCC1OC(=O)OC1(C)C,CCC1OC(=O)OC1CC,CCC1(C)OC(=O)OC1C,CCCOC(=O)OCC,C1=CC(=CC=C1C#N)F,CCCC1COC(=O)O1,CCCOC(=O)CC,CC(C)OC(=O)C(C)C,CC1OC(=O)OC1(C)C,CCOC(=O)OC,C1=CC=C(C(=C1)C#N)F,CC(=O)OC(C)C,CCOC(=O)OCC,CCCC1OC(=O)OC1C
25_6,cl,li,C1=CC(=CC(=C1)F)C#N,CCOC(C)=O,CCOC(=O)OCC,CC(=O)OC(C)C,CCCOC(=O)OC(C)C,CCOC(=O)OC(C)C,CCC1OC(=O)OC1C,CC(C)OC(=O)OC(C)C,CCC1(C)OC(=O)OC1C,C1=CC=C(C(=C1)C#N)F,CCCC1OC(=O)OC1C,CCCOC(=O)CC,C1CC(=O)OC1,CCOC(=O)OC,CC(=O)OCC(C)C,CCCOC(=O)OCC,Cc1oc(=O)oc1C,O=C1OCCO1,CCCOC(=O)OCCC,CCCC1COC(=O)O1,CC1OC(=O)OC1(C)C,CC(C)OC(=O)C(C)C,CCC1OC(=O)OC1CC,Cc1oc(=O)oc1C(C)C,CCC(C)COC(C)=O
25_7,cl,li,CC(C)OC(=O)OC(C)C,C1=CC(=CC(=C1)F)C#N,C1=CC=C(C(=C1)C#N)F,CC(=O)OCC(C)C,FC1COC(=O)O1,CCCC1COC(=O)O1,CCC1OC(=O)OC1(C)C,CCCOC(=O)CC,CC(C)OC(=O)C(C)C,CCOC(=O)OCC,CCCOC(=O)OCCC,Cc1oc(=O)oc1C,CCCC1OC(=O)OC1C,O=C1OCCO1,CC1OC(=O)OC1(C)C,CCC1OC(=O)OC1C,COC(=O)OC,CCC(C)COC(C)=O,CCC(=O)OC(C)C,CCC1OC(=O)OC1CC,CCCOC(=O)OCC,Cc1oc(=O)oc1C(C)C,CCOC(=O)OC,CCCOC(=O)OC(C)C,CCC1(C)OC(=O)OC1C
25_8,cl,li,CCCOC(=O)CC,CCCC1OC(=O)OC1C,C1=CC(=CC=C1C#N)F,CCC(C)COC(C)=O,CC(C)OC(=O)OC(C)C,CCCC1COC(=O)O1,CCOC(C)=O,CCOC(=O)OC(C)C,C1CC(=O)OC1,CCC1OC(=O)OC1CC,CCOC(=O)OCC,C1=CC=C(C(=C1)C#N)F,CC(=O)OC(C)C,C1=CC(=CC(=C1)F)C#N,CC(C)OC(=O)C(C)C,Cc1oc(=O)oc1C(C)C,CC1OC(=O)OC1(C)C,CCC1OC(=O)OC1(C)C,CC(=O)OCC(C)C,CCCOC(=O)OCCC,CCOC(=O)OC,CCCOC(=O)OC(C)C,O=C1OCCO1,CCCOC(=O)OCC,FC1COC(=O)O1
25_9,cl,li,C1=CC(=CC(=C1)F)C#N,C1CC(=O)OC1,CCC(=O)OC(C)C,CC(C)OC(=O)OC(C)C,CCCC1OC(=O)OC1C,CCC1OC(=O)OC1C,CCC1(C)OC(=O)OC1C,CCC(C)COC(C)=O,CCOC(=O)OC(C)C,CCC1OC(=O)OC1(C)C,CCOC(=O)OCC,CC(C)OC(=O)C(C)C,O=C1OCCO1,CCCOC(=O)CC,CCOC(=O)OC,C1=CC=C(C(=C1)C#N)F,CCCOC(=O)OC(C)C,Cc1oc(=O)oc1C,CC(=O)OC(C)C,CC1OC(=O)OC1(C)C,FC1COC(=O)O1,CC(=O)OCC(C)C,CCC1OC(=O)OC1CC,COC(=O)OC,CCOC(C)=O
25_10,cl,li,Cc1oc(=O)oc1C,CCOC(=O)OC,CCOC(=O)OC(C)C,C1CC(=O)OC1,CC(C)OC(=O)C(C)C,CCCOC(=O)CC,C1=CC(=CC(=C1)F)C#N,CCC(=O)OC(C)C,CCCOC(=O)OCCC,CC1OC(=O)OC1(C)C,CCC1OC(=O)OC1CC,CCCC1OC(=O)OC1C,CCC1OC(=O)OC1(C)C,C1=CC=C(C(=C1)C#N)F,CCC1OC(=O)OC1C,CCOC(C)=O,CCC(C)COC(C)=O,CC(C)OC(=O)OC(C)C,CCC1(C)OC(=O)OC1C,CCOC(=O)OCC,CCCOC(=O)OC(C)C,C1=CC(=CC=C1C#N)F,CCCC1COC(=O)O1,COC(=O)OC,CC(=O)OCC(C)C
25_11,cl,li,CCCC1COC(=O)O1,CCCOC(=O)OC(C)C,CCCOC(=O)CC,C1=CC(=CC=C1C#N)F,C1CC(=O)OC1,C1=CC=C(C(=C1)C#N)F,CCOC(=O)OC(C)C,CC(C)OC(=O)C(C)C,Cc1oc(=O)oc1C,CCCOC(=O)OCC,Cc1oc(=O)oc1C(C)C,CCC1OC(=O)OC1CC,CC(C)OC(=O)OC(C)C,CCC(=O)OC(C)C,O=C1OCCO1,FC1COC(=O)O1,CCC1OC(=O)OC1C,CC1OC(=O)OC1(C)C,COC(=O)OC,CCC(C)COC(C)=O,CCOC(=O)OC,CCC1OC(=O)OC1(C)C,CCCC1OC(=O)OC1C,CCOC(=O)OCC,C1=CC(=CC(=C1)F)C#N
25_12,cl,li,CCC(C)COC(C)=O,CCOC(C)=O,CCCOC(=O)OCC,C1=CC=C(C(=C1)C#N)F,CC1OC(=O)OC1(C)C,CC(=O)OC(C)C,O=C1OCCO1,CC(C)OC(=O)C(C)C,CC(=O)OCC(C)C,C1CC(=O)OC1,CCOC(=O)OCC,C1=CC(=CC(=C1)F)C#N,CCCC1COC(=O)O1,CCOC(=O)OC,Cc1oc(=O)oc1C(C)C,CC(C)OC(=O)OC(C)C,CCC1OC(=O)OC1C,CCCC1OC(=O)OC1C,COC(=O)OC,CCC1OC(=O)OC1CC,CCC1(C)OC(=O)OC1C,CCCOC(=O)OCCC,CCCOC(=O)CC,CCC1OC(=O)OC1(C)C,FC1COC(=O)O1
25_13,cl,li,CC(C)OC(=O)OC(C)C,CCC(C)COC(C)=O,CCCC1COC(=O)O1,CCC1(C)OC(=O)OC1C,CC(C)OC(=O)C(C)C,CCC1OC(=O)OC1C,CCCOC(=O)CC,CCOC(C)=O,CCOC(=O)OCC,O=C1OCCO1,FC1COC(=O)O1,CCCOC(=O)OCC,C1=CC=C(C(=C1)C#N)F,CCCOC(=O)OCCC,CCC(=O)OC(C)C,CC1OC(=O)OC1(C)C,Cc1oc(=O)oc1C,CCOC(=O)OC(C)C,CCC1OC(=O)OC1(C)C,COC(=O)OC,CCCOC(=O)OC(C)C,C1CC(=O)OC1,C1=CC(=CC=C1C#N)F,Cc1oc(=O)oc1C(C)C,CC(=O)OC(C)C
25_14,cl,li,CCC(=O)OC(C)C,C1=CC=C(C(=C1)C#N)F,CC(=O)OC(C)C,CCOC(=O)OC,CC(C)OC(=O)OC(C)C,CC(=O)OCC(C)C,CC(C)OC(=O)C(C)C,CCCOC(=O)OCC,CCC1OC(=O)OC1CC,O=C1OCCO1,CC1OC(=O)OC1(C)C,CCC(C)COC(C)=O,C1=CC(=CC(=C1)F)C#N,CCCOC(=O)OC(C)C,COC(=O)OC,C1CC(=O)OC1,CCC1OC(=O)OC1C,CCC1OC(=O)OC1(C)C,Cc1oc(=O)oc1C,CCOC(=O)OCC,CCCC1OC(=O)OC1C,FC1COC(=O)O1,CCCC1COC(=O)O1,CCCOC(=O)CC,Cc1oc(=O)oc1C(C)C
25_15,cl,li,CCC1OC(=O)OC1C,Cc1oc(=O)oc1C(C)C,C1=CC(=CC=C1C#N)F,COC(=O)OC,Cc1oc(=O)oc1C,C1=CC(=CC(=C1)F)C#N,CCOC(=O)OC,CCC1(C)OC(=O)OC1C,CCCOC(=O)CC,FC1COC(=O)O1,CCCC1OC(=O)OC1C,CCOC(=O)OCC,CCC(C)COC(C)=O,CCCOC(=O)OC(C)C,CC1OC(=O)OC1(C)C,O=C1OCCO1,CCCOC(=O)OCC,CCC1OC(=O)OC1CC,CCCC1COC(=O)O1,CCC(=O)OC(C)C,CCCOC(=O)OCCC,C1CC(=O)OC1,CC(=O)OCC(C)C,CC(=O)OC(C)C,CC(C)OC(=O)OC(C)C
25_16,cl,li,CC1OC(=O)OC1(C)C,CCOC(=O)OC(C)C,CC(C)OC(=O)C(C)C,CC(=O)OCC(C)C,CCCC1COC(=O)O1,COC(=O)OC,CCC(C)COC(C)=O,Cc1oc(=O)oc1C,C1=CC=C(C(=C1)C#N)F,CCCOC(=O)OCC,Cc1oc(=O)oc1C(C)C,CCC1(C)OC(=O)OC1C,CCC1OC(=O)OC1(C)C,CC(C)OC(=O)OC(C)C,CC(=O)OC(C)C,C1CC(=O)OC1,O=C1OCCO1,CCC1OC(=O)OC1CC,CCCC1OC(=O)OC1C,CCCOC(=O)OCCC,CCCOC(=O)CC,CCC(=O)OC(C)C,CCC1OC(=O)OC1C,CCOC(=O)OC,CCCOC(=O)OC(C)C
25_17,cl,li,CC(=O)OC(C)C,CCCC1COC(=O)O1,C1=CC=C(C(=C1)C#N)F,C1CC(=O)OC1,CC(C)OC(=O)OC(C)C,O=C1OCCO1,CC1OC(=O)OC1(C)C,CCOC(=O)OCC,Cc1oc(=O)oc1C(C)C,CCOC(=O)OC(C)C,CCOC(=O)OC,CCC(=O)OC(C)C,CCCC1OC(=O)OC1C,C1=CC(=CC=C1C#N)F,CCCOC(=O)OCC,CC(C)OC(=O)C(C)C,CCC(C)COC(C)=O,CCCOC(=O)CC,CCC1OC(=O)OC1CC,CCOC(C)=O,CC(=O)OCC(C)C,Cc1oc(=O)oc1C,CCC1OC(=O)OC1(C)C,CCC1(C)OC(=O)OC1C,CCC1OC(=O)OC1C
25_18,cl,li,CC1OC(=O)OC1(C)C,C1=CC(=CC=C1C#N)F,CC(=O)OC(C)C,C1=CC=C(C(=C1)C#N)F,COC(=O)OC,CCOC(=O)OC(C)C,CCCC1COC(=O)O1,CCC1OC(=O)OC1CC,CCCOC(=O)OC(C)C,CC(C)OC(=O)OC(C)C,CCC1(C)OC(=O)OC1C,CC(C)OC(=O)C(C)C,CCOC(=O)OCC,CC(=O)OCC(C)C,CCC1OC(=O)OC1C,CCC1OC(=O)OC1(C)C,C1=CC(=CC(=C1)F)C#N,FC1COC(=O)O1,CCOC(C)=O,C1CC(=O)OC1,CCCOC(=O)OCCC,CCC(=O)OC(C)C,O=C1OCCO1,Cc1oc(=O)oc1C,CCOC(=O)OC
25_19,cl,li,Cc1oc(=O)oc1C(C)C,CCC(C)COC(C)=O,FC1COC(=O)O1,CCCC1OC(=O)OC1C,Cc1oc(=O)oc1C,CCC1OC(=O)OC1C,CC(=O)OCC(C)C,CCOC(=O)OC,CC(C)OC(=O)C(C)C,CCC1(C)OC(=O)OC1C,CCC(=O)OC(C)C,CCOC(=O)OCC,CCCOC(=O)CC,C1=CC(=CC(=C1)F)C#N,CC(C)OC(=O)OC(C)C,CCCOC(=O)OCCC,CCCOC(=O)OC(C)C,CCCOC(=O)OCC,CC1OC(=O)OC1(C)C,C1=CC(=CC=C1C#N)F,CCC1OC(=O)OC1(C)C,C1=CC=C(C(=C1)C#N)F,C1CC(=O)OC1,CCCC1COC(=O)O1,CCC1OC(=O)OC1CC
25_20,cl,li,CC(=O)OCC(C)C,Cc1oc(=O)oc1C,CCC1OC(=O)OC1(C)C,CCOC(=O)OC(C)C,CC(C)OC(=O)OC(C)C,C1=CC(=CC=C1C#N)F,CCOC(C)=O,C1=CC=C(C(=C1)C#N)F,FC1COC(=O)O1,CCC1OC(=O)OC1C,CC(C)OC(=O)C(C)C,CC(=O)OC(C)C,CCC(=O)OC(C)C,CC1OC(=O)OC1(C)C,CCC1OC(=O)OC1CC,CCCOC(=O)OCCC,CCCOC(=O)CC,CCCOC(=O)OCC,C1CC(=O)OC1,CCC(C)COC(C)=O,CCCOC(=O)OC(C)C,Cc1oc(=O)oc1C(C)C,COC(=O)OC,CCCC1OC(=O)OC1C,CCOC(=O)OC
25_21,cl,li,CCCOC(=O)OCC,CCOC(=O)OC(C)C,Cc1oc(=O)oc1C(C)C,FC1COC(=O)O1,CC(=O)OC(C)C,C1CC(=O)OC1,O=C1OCCO1,CCCOC(=O)CC,CCOC(=O)OC,CCCC1COC(=O)O1,C1=CC=C(C(=C1)C#N)F,CCOC(=O)OCC,COC(=O)OC,CCC1OC(=O)OC1C,CC(C)OC(=O)OC(C)C,CCCOC(=O)OC(C)C,CCOC(C)=O,C1=CC(=CC=C1C#N)F,CCCC1OC(=O)OC1C,CCCOC(=O)OCCC,CC1OC(=O)OC1(C)C,CCC1OC(=O)OC1(C)C,CCC1(C)OC(=O)OC1C,CCC(C)COC(C)=O,CC(C)OC(=O)C(C)C
25_22,cl,li,C1=CC=C(C(=C1)C#N)F,CC1OC(=O)OC1(C)C,FC1COC(=O)O1,C1=CC(=CC=C1C#N)F,C1CC(=O)OC1,CCC1OC(=O)OC1C,CCCOC(=O)OC(C)C,Cc1oc(=O)oc1C,CCOC(=O)OCC,CCCC1COC(=O)O1,CCCOC(=O)OCCC,O=C1OCCO1,CC(=O)OC(C)C,CCC(C)COC(C)=O,CCC(=O)OC(C)C,CC(C)OC(=O)OC(C)C,CCCOC(=O)CC,CCC1OC(=O)OC1CC,CCCC1OC(=O)OC1C,CCCOC(=O)OCC,CCC1OC(=O)OC1(C)C,C1=CC(=CC(=C1)F)C#N,Cc1oc(=O)oc1C(C)C,CC(=O)OCC(C)C,CCC1(C)OC(=O)OC1C
25_23,cl,li,C1=CC=C(C(=C1)C#N)F,CC(=O)OC(C)C,C1CC(=O)OC1,CCOC(=O)OC(C)C,CCCOC(=O)OCC,C1=CC(=CC(=C1)F)C#N,CCC1OC(=O)OC1C,CCCOC(=O)CC,CCC1OC(=O)OC1(C)C,CC(C)OC(=O)C(C)C,CCOC(=O)OC,CC(C)OC(=O)OC(C)C,CCC1(C)OC(=O)OC1C,CC1OC(=O)OC1(C)C,CCCOC(=O)OCCC,CCC1OC(=O)OC1CC,CCOC(=O)OCC,CC(=O)OCC(C)C,CCCC1OC(=O)OC1C,Cc1oc(=O)oc1C(C)C,CCOC(C)=O,CCCOC(=O)OC(C)C,O=C1OCCO1,Cc1oc(=O)oc1C,COC(=O)OC
25_24,cl,li,CCC1(C)OC(=O)OC1C,CC(=O)OC(C)C,C1CC(=O)OC1,CCC(C)COC(C)=O,CCOC(C)=O,CCCOC(=O)OC(C)C,C1=CC(=CC(=C1)F)C#N,CC(C)OC(=O)C(C)C,O=C1OCCO1,CCOC(=O)OC,Cc1oc(=O)oc1C(C)C,CC(=O)OCC(C)C,C1=CC(=CC=C1C#N)F,CCCOC(=O)OCCC,FC1COC(=O)O1,CCOC(=O)OCC,CCCOC(=O)CC,CC1OC(=O)OC1(C)C,CC(C)OC(=O)OC(C)C,CCC1OC(=O)OC1C,CCCOC(=O)OCC,CCCC1COC(=O)O1,CCCC1OC(=O)OC1C,C1=CC=C(C(=C1)C#N)F,CCC1OC(=O)OC1(C)C
25_25,cl,li,CC(C)OC(=O)C(C)C,CCC1(C)OC(=O)OC1C,CCC1OC(=O)OC1(C)C,CCCOC(=O)OCCC,CCCOC(=O)CC,C1=CC(=CC(=C1)F)C#N,O=C1OCCO1,CCCOC(=O)OC(C)C,CC(=O)OC(C)C,CCCC1COC(=O)O1,CCOC(=O)OC(C)C,CCC1OC(=O)OC1CC,C1=CC=C(C(=C1)C#N)F,Cc1oc(=O)oc1C(C)C,C1=CC(=CC=C1C#N)F,COC(=O)OC,CCOC(C)=O,FC1COC(=O)O1,CC(=O)OCC(C)C,CCC(=O)OC(C)C,CC(C)OC(=O)OC(C)C,CCCOC(=O)OCC,C1CC(=O)OC1,CCC(C)COC(C)=O,Cc1oc(=O)oc1C
25_26,cl,li,CCOC(=O)OCC,CC(C)OC(=O)OC(C)C,COC(=O)OC,CCCOC(=O)CC,CCC(C)COC(C)=O,CCC1OC(=O)OC1(C)C,CCCOC(=O)OCCC,C1=CC=C(C(=C1)C#N)F,CCCOC(=O)OCC,Cc1oc(=O)oc1C(C)C,C1CC(=O)OC1,CCOC(=O)OC,O=C1OCCO1,CCOC(=O)OC(C)C,CCCC1OC(=O)OC1C,CC(C)OC(=O)C(C)C,CCOC(C)=O,CC1OC(=O)OC1(C)C,CC(=O)OC(C)C,CCC1OC(=O)OC1CC,CCCC1COC(=O)O1,Cc1oc(=O)oc1C,CC(=O)OCC(C)C,CCC(=O)OC(C)C,FC1COC(=O)O1
25_27,cl,li,CCCOC(=O)OC(C)C,Cc1oc(=O)oc1C(C)C,CCC1(C)OC(=O)OC1C,CCC1OC(=O)OC1CC,CCCOC(=O)OCC,CCCC1COC(=O)O1,CC1OC(=O)OC1(C)C,CCCOC(=O)OCCC,CCOC(=O)OC,CCC1OC(=O)OC1C,CCOC(=O)OCC,C1=CC(=CC(=C1)F)C#N,COC(=O)OC,CCC(C)COC(C)=O,FC1COC(=O)O1,CC(C)OC(=O)OC(C)C,C1=CC(=CC=C1C#N)F,C1CC(=O)OC1,CC(=O)OC(C)C,CC(C)OC(=O)C(C)C,CC(=O)OCC(C)C,CCC1OC(=O)OC1(C)C,CCC(=O)OC(C)C,CCCOC(=O)CC,O=C1OCCO1
25_28,cl,li,CCOC(=O)OC(C)C,CCCOC(=O)OCC,Cc1oc(=O)oc1C,CCOC(=O)OC,CC1OC(=O)OC1(C)C,CC(C)OC(=O)C(C)C,CCC(=O)OC(C)C,CCCOC(=O)OCCC,Cc1oc(=O)oc1C(C)C,CCC1OC(=O)OC1C,CC(=O)OC(C)C,CCCC1OC(=O)OC1C,C1CC(=O)OC1,C1=CC(=CC=C1C#N)F,CC(C)OC(=O)OC(C)C,COC(=O)OC,C1=CC(=CC(=C1)F)C#N,CCC1OC(=O)OC1(C)C,O=C1OCCO1,CCOC(C)=O,CCCC1COC(=O)O1,CC(=O)OCC(C)C,FC1COC(=O)O1,C1=CC=C(C(=C1)C#N)F,CCCOC(=O)OC(C)C
25_29,cl,li,CC(C)OC(=O)OC(C)C,CCCOC(=O)CC,CCCOC(=O)OC(C)C,CC(=O)OC(C)C,C1CC(=O)OC1,C1=CC(=CC=C1C#N)F,CCC(=O)OC(C)C,O=C1OCCO1,CCCOC(=O)OCC,C1=CC(=CC(=C1)F)C#N,FC1COC(=O)O1,CCC1(C)OC(=O)OC1C,CCCC1COC(=O)O1,CCCOC(=O)OCCC,C1=CC=C(C(=C1)C#N)F,CC(=O)OCC(C)C,CCC(C)COC(C)=O,Cc1oc(=O)oc1C(C)C,CCC1OC(=O)OC1CC,CCCC1OC(=O)OC1C,CCOC(=O)OC(C)C,COC(=O)OC,CCC1OC(=O)OC1C,CCOC(=O)OCC,CCC1OC(=O)OC1(C)C
25_30,cl,li,CCCC1COC(=O)O1,CCOC(=O)OC(C)C,CCOC(C)=O,FC1COC(=O)O1,CC(C)OC(=O)OC(C)C,CCCC1OC(=O)OC1C,CCC(=O)OC(C)C,CC(C)OC(=O)C(C)C,CCC1OC(=O)OC1C,CC1OC(=O)OC1(C)C,C1=CC(=CC=C1C#N)F,CCC1OC(=O)OC1(C)C,CCOC(=O)OC,Cc1oc(=O)oc1C,CC(=O)OCC(C)C,Cc1oc(=O)oc1C(C)C,O=C1OCCO1,CCOC(=O)OCC,COC(=O)OC,CCC1(C)OC(=O)OC1C,CC(=O)OC(C)C,C1=CC(=CC(=C1)F)C#N,CCCOC(=O)OC(C)C,CCCOC(=O)OCC,CCC(C)COC(C)=O
25_31,cl,li,CCOC(=O)OC(C)C,C1=CC(=CC(=C1)F)C#N,CCC(=O)OC(C)C,CC(=O)OCC(C)C,CCOC(=O)OC,CCCC1OC(=O)OC1C,CCCOC(=O)CC,CCCOC(=O)OC(C)C,CC(=O)OC(C)C,CCC1OC(=O)OC1(C)C,CC(C)OC(=O)OC(C)C,CC1OC(=O)OC1(C)C,C1=CC(=CC=C1C#N)F,CCCC1COC(=O)O1,FC1COC(=O)O1,COC(=O)OC,CC(C)OC(=O)C(C)C,CCC1OC(=O)OC1CC,Cc1oc(=O)oc1C,O=C1OCCO1,C1CC(=O)OC1,CCOC(=O)OCC,CCC1(C)OC(=O)OC1C,Cc1oc(=O)oc1C(C)C,CCOC(C)=O
25_32,cl,li,Cc1oc(=O)oc1C,CCC1(C)OC(=O)OC1C,CC(C)OC(=O)C(C)C,CCCOC(=O)OCCC,CCOC(=O)OC,CC1OC(=O)OC1(C)C,C1CC(=O)OC1,CCCOC(=O)CC,CC(=O)OC(C)C,COC(=O)OC,CCC1OC(=O)OC1CC,CCCOC(=O)OCC,CCC1OC(=O)OC1(C)C,CC(=O)OCC(C)C,CCOC(C)=O,CCCOC(=O)OC(C)C,FC1COC(=O)O1,CCCC1COC(=O)O1,CCC(C)COC(C)=O,CCOC(=O)OCC,CCC(=O)OC(C)C,Cc1oc(=O)oc1C(C)C,C1=CC(=CC=C1C#N)F,CCC1OC(=O)OC1C,CCOC(=O)OC(C)C
25_33,cl,li,C1=CC(=CC=C1C#N)F,C1=CC=C(C(=C1)C#N)F,CCC1OC(=O)OC1(C)C,CCC(=O)OC(C)C,CC(C)OC(=O)C(C)C,CCCC1COC(=O)O1,CCCC1OC(=O)OC1C,O=C1OCCO1,CC(C)OC(=O)OC(C)C,C1=CC(=CC(=C1)F)C#N,FC1COC(=O)O1,Cc1oc(=O)oc1C(C)C,CC(=O)OCC(C)C,CCCOC(=O)OC(C)C,CC(=O)OC(C)C,COC(=O)OC,CCOC(=O)OC(C)C,C1CC(=O)OC1,CCOC(C)=O,CC1OC(=O)OC1(C)C,Cc1oc(=O)oc1C,CCC1(C)OC(=O)OC1C,CCC1OC(=O)OC1C,CCOC(=O)OCC,CCC(C)COC(C)=O
25_34,cl,li,CCOC(=O)OC,C1=CC=C(C(=C1)C#N)F,O=C1OCCO1,CCC(=O)OC(C)C,CCOC(=O)OC(C)C,CCCOC(=O)OC(C)C,CCOC(=O)OCC,Cc1oc(=O)oc1C,CCC1(C)OC(=O)OC1C,CCOC(C)=O,CCC1OC(=O)OC1(C)C,C1CC(=O)OC1,C1=CC(=CC(=C1)F)C#N,CC(C)OC(=O)OC(C)C,CCCOC(=O)OCCC,CCCOC(=O)CC,CC(C)OC(=O)C(C)C,CC(=O)OCC(C)C,Cc1oc(=O)oc1C(C)C,C1=CC(=CC=C1C#N)F,CCCC1COC(=O)O1,CC(=O)OC(C)C,COC(=O)OC,CC1OC(=O)OC1(C)C,CCC(C)COC(C)=O
25_35,cl,li,CCC1OC(=O)OC1(C)C,CCC1(C)OC(=O)OC1C,COC(=O)OC,CCCOC(=O)OC(C)C,CCC1OC(=O)OC1C,CC(C)OC(=O)C(C)C,Cc1oc(=O)oc1C(C)C,C1=CC(=CC=C1C#N)F,FC1COC(=O)O1,CC(=O)OCC(C)C,CCOC(=O)OC(C)C,CCCOC(=O)OCC,C1=CC=C(C(=C1)C#N)F,CCOC(=O)OC,CC(C)OC(=O)OC(C)C,CCOC(C)=O,CCC1OC(=O)OC1CC,CCC(C)COC(C)=O,CC1OC(=O)OC1(C)C,CCCOC(=O)CC,CCC(=O)OC(C)C,CCCOC(=O)OCCC,Cc1oc(=O)oc1C,CCOC(=O)OCC,CCCC1COC(=O)O1
25_36,cl,li,COC(=O)OC,C1=CC=C(C(=C1)C#N)F,CCOC(=O)OCC,Cc1oc(=O)oc1C(C)C,CCCC1COC(=O)O1,CCOC(=O)OC(C)C,CCC1OC(=O)OC1CC,CC(=O)OC(C)C,Cc1oc(=O)oc1C,CCCOC(=O)OCCC,CC(=O)OCC(C)C,CCCOC(=O)CC,CCCC1OC(=O)OC1C,CCC(C)COC(C)=O,CCCOC(=O)OC(C)C,CCC1OC(=O)OC1C,C1CC(=O)OC1,C1=CC(=CC(=C1)F)C#N,O=C1OCCO1,CCC(=O)OC(C)C,CCC1OC(=O)OC1(C)C,CC(C)OC(=O)C(C)C,CCOC(C)=O,CCC1(C)OC(=O)OC1C,CCCOC(=O)OCC
25_37,cl,li,FC1COC(=O)O1,CCC(C)COC(C)=O,CCC1OC(=O)OC1CC,CCC1OC(=O)OC1(C)C,CCOC(=O)OC,CCCOC(=O)OC(C)C,CC1OC(=O)OC1(C)C,CC(C)OC(=O)C(C)C,CC(C)OC(=O)OC(C)C,CCCOC(=O)CC,CCC1OC(=O)OC1C,C1=CC(=CC(=C1)F)C#N,CCC1(C)OC(=O)OC1C,C1CC(=O)OC1,Cc1oc(=O)oc1C,CCCOC(=O)OCC,Cc1oc(=O)oc1C(C)C,CC(=O)OCC(C)C,O=C1OCCO1,CC(=O)OC(C)C,CCC(=O)OC(C)C,CCCC1COC(=O)O1,CCCC1OC(=O)OC1C,COC(=O)OC,CCOC(=O)OC(C)C
25_38,cl,li,C1=CC(=CC=C1C#N)F,CCOC(C)=O,Cc1oc(=O)oc1C(C)C,CCC(=O)OC(C)C,CCOC(=O)OC,CCC1OC(=O)OC1C,CCC1OC(=O)OC1CC,O=C1OCCO1,CCCC1COC(=O)O1,CCC(C)COC(C)=O,Cc1oc(=O)oc1C,CCOC(=O)OC(C)C,CC(C)OC(=O)C(C)C,CCCOC(=O)OCC,CC(C)OC(=O)OC(C)C,C1CC(=O)OC1,CC1OC(=O)OC1(C)C,COC(=O)OC,CC(=O)OC(C)C,CCCOC(=O)OC(C)C,CCC1(C)OC(=O)OC1C,CCCOC(=O)OCCC,CCCC1OC(=O)OC1C,C1=CC=C(C(=C1)C#N)F,CC(=O)OCC(C)C
25_39,cl,li,C1=CC(=CC(=C1)F)C#N,CCC1(C)OC(=O)OC1C,CCC1OC(=O)OC1CC,CCC(=O)OC(C)C,CCC(C)COC(C)=O,COC(=O)OC,CC(=O)OCC(C)C,CCCOC(=O)OCCC,C1=CC=C(C(=C1)C#N)F,CCCOC(=O)OCC,C1=CC(=CC=C1C#N)F,CCOC(=O)OCC,C1CC(=O)OC1,CC(C)OC(=O)OC(C)C,CCOC(=O)OC(C)C,CC1OC(=O)OC1(C)C,CCCOC(=O)CC,CC(=O)OC(C)C,Cc1oc(=O)oc1C(C)C,CCCOC(=O)OC(C)C,CCOC(=O)OC,CC(C)OC(=O)C(C)C,CCOC(C)=O,CCC1OC(=O)OC1(C)C,CCC1OC(=O)OC1C
25_40,cl,li,CCCOC(=O)OCC,CCC1OC(=O)OC1(C)C,CCOC(C)=O,FC1COC(=O)O1,Cc1oc(=O)oc1C(C)C,CC(C)OC(=O)OC(C)C,CCC(C)COC(C)=O,CCC1OC(=O)OC1CC,CCCOC(=O)OCCC,CCCC1COC(=O)O1,CCOC(=O)OC,COC(=O)OC,CC(=O)OC(C)C,CC(C)OC(=O)C(C)C,C1=CC=C(C(=C1)C#N)F,CCC1(C)OC(=O)OC1C,O=C1OCCO1,CCCOC(=O)OC(C)C,Cc1oc(=O)oc1C,CCC(=O)OC(C)C,C1=CC(=CC(=C1)F)C#N,CCCC1OC(=O)OC1C,CCOC(=O)OCC,CCOC(=O)OC(C)C,C1=CC(=CC=C1C#N)F
25_41,cl,li,CCOC(=O)OC,CC(C)OC(=O)C(C)C,Cc1oc(=O)oc1C,CC(=O)OC(C)C,CCC1(C)OC(=O)OC1C,CCC(=O)OC(C)C,C1=CC(=CC=C1C#N)F,CCCOC(=O)OCCC,COC(=O)OC,Cc1oc(=O)oc1C(C)C,C1=CC=C(C(=C1)C#N)F,O=C1OCCO1,CCC1OC(=O)OC1C,CCCC1OC(=O)OC1C,C1CC(=O)OC1,CCOC(C)=O,CCOC(=O)OCC,CCOC(=O)OC(C)C,CC(=O)OCC(C)C,C1=CC(=CC(=C1)F)C#N,CCC(C)COC(C)=O,FC1COC(=O)O1,CCCOC(=O)OCC,CCCOC(=O)OC(C)C,CCC1OC(=O)OC1CC
25_42,cl,li,C1=CC(=CC=C1C#N)F,CC(=O)OCC(C)C,CCC1(C)OC(=O)OC1C,CCOC(=O)OCC,COC(=O)OC,C1=CC(=CC(=C1)F)C#N,C1=CC=C(C(=C1)C#N)F,CC(C)OC(=O)OC(C)C,CCC(C)COC(C)=O,CCCC1OC(=O)OC1C,CCCOC(=O)OCCC,CCCC1COC(=O)O1,CCC1OC(=O)OC1C,FC1COC(=O)O1,CCC1OC(=O)OC1CC,CCC1OC(=O)OC1(C)C,Cc1oc(=O)oc1C(C)C,CCCOC(=O)OCC,Cc1oc(=O)oc1C,CC(C)OC(=O)C(C)C,CC(=O)OC(C)C,O=C1OCCO1,CCCOC(=O)CC,CC1OC(=O)OC1(C)C,CCCOC(=O)OC(C)C
25_43,cl,li,COC(=O)OC,FC1COC(=O)O1,C1=CC(=CC(=C1)F)C#N,CC(C)OC(=O)OC(C)C,CCOC(C)=O,CC1OC(=O)OC1(C)C,CCCOC(=O)OCCC,CCCOC(=O)OC(C)C,Cc1oc(=O)oc1C(C)C,CCC(=O)OC(C)C,CCC1OC(=O)OC1C,CCC1(C)OC(=O)OC1C,CCOC(=O)OC(C)C,CCCOC(=O)CC,CCCOC(=O)OCC,CCCC1COC(=O)O1,CCC1OC(=O)OC1CC,CCC1OC(=O)OC1(C)C,Cc1oc(=O)oc1C,CCCC1OC(=O)OC1C,CCC(C)COC(C)=O,C1CC(=O)OC1,CC(=O)OCC(C)C,C1=CC(=CC=C1C#N)F,CC(=O)OC(C)C
25_44,cl,li,C1=CC(=CC=C1C#N)F,CC(C)OC(=O)OC(C)C,CCCC1COC(=O)O1,CCOC(=O)OC,CCC1OC(=O)OC1(C)C,COC(=O)OC,CC(C)OC(=O)C(C)C,C1=CC=C(C(=C1)C#N)F,C1CC(=O)OC1,CC(=O)OCC(C)C,CCCOC(=O)OCC,FC1COC(=O)O1,Cc1oc(=O)oc1C,CCOC(=O)OCC,O=C1OCCO1,CCC(=O)OC(C)C,CCCOC(=O)OC(C)C,CC(=O)OC(C)C,CCOC(C)=O,C1=CC(=CC(=C1)F)C#N,CCC1OC(=O)OC1C,CCCOC(=O)OCCC,CCCOC(=O)CC,CCOC(=O)OC(C)C,CCC(C)COC(C)=O
25_45,cl,li,COC(=O)OC,CCCC1COC(=O)O1,CCC(=O)OC(C)C,C1CC(=O)OC1,CCCC1OC(=O)OC1C,CCOC(C)=O,CCCOC(=O)CC,CC(=O)OC(C)C,CCCOC(=O)OC(C)C,CC(C)OC(=O)C(C)C,CCCOC(=O)OCC,C1=CC(=CC(=C1)F)C#N,CC(C)OC(=O)OC(C)C,CC1OC(=O)OC1(C)C,CCOC(=O)OCC,Cc1oc(=O)oc1C,CCC1(C)OC(=O)OC1C,CCOC(=O)OC,CCC(C)COC(C)=O,FC1COC(=O)O1,Cc1oc(=O)oc1C(C)C,CCOC(=O)OC(C)C,CCC1OC(=O)OC1C,CCCOC(=O)OCCC,CCC1OC(=O)OC1CC
25_46,cl,li,CCCC1COC(=O)O1,Cc1oc(=O)oc1C(C)C,CCC1(C)OC(=O)OC1C,C1CC(=O)OC1,CCOC(=O)OC,CCC1OC(=O)OC1CC,CC(C)OC(=O)C(C)C,CCOC(=O)OC(C)C,C1=CC=C(C(=C1)C#N)F,COC(=O)OC,CC(=O)OC(C)C,CCCOC(=O)OCC,C1=CC(=CC(=C1)F)C#N,CCCOC(=O)OCCC,C1=CC(=CC=C1C#N)F,CCOC(C)=O,CCCOC(=O)CC,CCC1OC(=O)OC1(C)C,CCCC1OC(=O)OC1C,CC(=O)OCC(C)C,CCCOC(=O)OC(C)C,O=C1OCCO1,CCOC(=O)OCC,CCC(C)COC(C)=O,CCC1OC(=O)OC1C
25_47,cl,li,CCCOC(=O)OC(C)C,FC1COC(=O)O1,CCC1OC(=O)OC1(C)C,CCCC1COC(=O)O1,CCC1(C)OC(=O)OC1C,CCCOC(=O)OCC,CC(C)OC(=O)C(C)C,CCOC(=O)OCC,CCOC(=O)OC,CC1OC(=O)OC1(C)C,COC(=O)OC,C1=CC=C(C(=C1)C#N)F,CCC1OC(=O)OC1C,C1=CC(=CC(=C1)F)C#N,C1CC(=O)OC1,CC(C)OC(=O)OC(C)C,CCC(=O)OC(C)C,CCC1OC(=O)OC1CC,CCOC(C)=O,CC(=O)OC(C)C,Cc1oc(=O)oc1C(C)C,C1=CC(=CC=C1C#N)F,CCCOC(=O)CC,CCCOC(=O)OCCC,CCCC1OC(=O)OC1C
25_48,cl,li,CCCC1COC(=O)O1,CCC1OC(=O)OC1C,CCC(=O)OC(C)C,CCC1OC(=O)OC1(C)C,COC(=O)OC,CC1OC(=O)OC1(C)C,Cc1oc(=O)oc1C(C)C,CCOC(C)=O,Cc1oc(=O)oc1C,CCCOC(=O)OC(C)C,CCOC(=O)OC,O=C1OCCO1,C1CC(=O)OC1,CCCOC(=O)OCC,CCCOC(=O)CC,CC(=O)OCC(C)C,FC1COC(=O)O1,CCCC1OC(=O)OC1C,CC(C)OC(=O)C(C)C,CC(=O)OC(C)C,CC(C)OC(=O)OC(C)C,C1=CC=C(C(=C1)C#N)F,CCOC(=O)OC(C)C,C1=CC(=CC(=C1)F)C#N,CCCOC(=O)OCCC
25_49,cl,li,CCOC(=O)OC(C)C,CCCC1OC(=O)OC1C,CCCC1COC(=O)O1,CC(C)OC(=O)OC(C)C,C1=CC(=CC(=C1)F)C#N,COC(=O)OC,C1CC(=O)OC1,CCC1(C)OC(=O)OC1C,O=C1OCCO1,CCOC(=O)OC,CCCOC(=O)OCC,CCCOC(=O)OC(C)C,C1=CC=C(C(=C1)C#N)F,FC1COC(=O)O1,C1=CC(=CC=C1C#N)F,CC1OC(=O)OC1(C)C,CCC1OC(=O)OC1(C)C,CCC1OC(=O)OC1CC,CCC(=O)OC(C)C,CCOC(C)=O,CC(C)OC(=O)C(C)C,CC(=O)OC(C)C,CCC1OC(=O)OC1C,Cc1oc(=O)oc1C(C)C,CC(=O)OCC(C)C
25_50,cl,li,CCOC(C)=O,CCOC(=O)OC(C)C,CCCOC(=O)OCC,CCC(C)COC(C)=O,C1=CC=C(C(=C1)C#N)F,CCOC(=O)OC,CCCOC(=O)OCCC,C1=CC(=CC(=C1)F)C#N,CCC(=O)OC(C)C,Cc1oc(=O)oc1C(C)C,CCCOC(=O)OC(C)C,CCC1(C)OC(=O)OC1C,CCCC1COC(=O)O1,C1CC(=O)OC1,CC(=O)OCC(C)C,Cc1oc(=O)oc1C,CCC1OC(=O)OC1CC,CCC1OC(=O)OC1C,COC(=O)OC,CC1OC(=O)OC1(C)C,CCCC1OC(=O)OC1C,CC(=O)OC(C)C,CCCOC(=O)CC,CCOC(=O)OCC,FC1COC(=O)O1